rep,frame,t,right_angle,right_elbow_dx_norm,right_dy_norm,left_angle,left_elbow_dx_norm,left_dy_norm,shoulder_width
0,0,0.0446,15.6,0.3049,0.4885,19.5,0.2397,0.4897,0.21
0,1,0.0928,16.4,0.296,0.5068,19.1,0.2332,0.5041,0.2123
0,2,0.1383,16.8,0.2923,0.5256,18.7,0.2353,0.4997,0.2122
0,3,0.1825,16.7,0.2917,0.5241,18.4,0.2371,0.5033,0.2124
0,4,0.2301,16.5,0.2893,0.5227,17.8,0.2415,0.5006,0.2124
0,5,0.2747,16.3,0.2835,0.518,17.9,0.2463,0.4988,0.2126
0,6,0.3232,16.2,0.2789,0.5178,17.8,0.2471,0.4952,0.2129
0,7,0.3709,15.6,0.2785,0.5034,17.0,0.2435,0.4884,0.2132
0,8,0.4172,14.9,0.2792,0.4907,16.7,0.2407,0.4816,0.2131
0,9,0.4636,14.7,0.2812,0.4861,16.5,0.2335,0.4735,0.214
0,10,0.5098,14.6,0.2811,0.4831,16.6,0.2277,0.471,0.215
0,11,0.5554,15.0,0.2838,0.4418,16.8,0.2244,0.4625,0.2157
0,12,0.6009,15.2,0.285,0.4183,17.0,0.2226,0.4584,0.2163
0,13,0.6469,15.6,0.274,0.2307,17.5,0.2246,0.4601,0.2162
0,14,0.6913,23.4,0.118,0.0515,19.4,0.269,0.46,0.2127
0,15,0.7369,9.3,0.2787,0.3264,6.4,0.3459,-0.0397,0.2004
0,16,0.7826,33.2,0.3348,0.8339,0.0,0.1644,-0.2596,0.1876
0,17,0.8285,55.9,0.2803,0.9916,14.9,0.0874,-0.3457,0.186
0,18,0.8727,30.6,0.2101,0.9988,25.0,0.1464,-0.296,0.1866
0,19,0.9206,15.8,0.2263,0.9509,27.2,0.178,-0.1283,0.1877
0,20,0.9701,13.0,0.2349,0.9634,26.4,0.2013,-0.0806,0.1884
0,21,1.013,8.8,0.2413,0.8873,23.9,0.2231,-0.0104,0.1898
0,22,1.0604,9.6,0.2675,0.7361,25.7,0.2196,0.3192,0.1935
0,23,1.1072,3.8,0.2986,0.3934,29.9,0.2061,0.5626,0.1973
0,24,1.1527,2.6,0.3072,0.283,29.1,0.1969,0.534,0.199
0,25,1.201,2.4,0.3041,0.2356,28.0,0.1883,0.4758,0.2022
0,26,1.2446,2.8,0.3007,0.2374,27.7,0.1848,0.4567,0.2043
0,27,1.2919,3.6,0.2947,0.2333,26.7,0.1908,0.4357,0.2056
0,28,1.3374,3.8,0.2889,0.2204,25.2,0.2083,0.418,0.2071
0,29,1.3826,3.9,0.2843,0.1947,24.2,0.2273,0.4136,0.2083
0,30,1.4309,3.9,0.2811,0.1808,23.6,0.2348,0.4084,0.209
0,31,1.4769,5.3,0.2788,0.2089,22.8,0.2547,0.405,0.2096
0,32,1.523,6.6,0.2685,0.2363,21.8,0.2656,0.4093,0.2103
0,33,1.5708,7.2,0.2616,0.2454,21.3,0.271,0.4127,0.2108
0,34,1.6166,7.9,0.2652,0.249,21.0,0.2917,0.4164,0.2102
1,0,0.0457,6.0,0.3031,0.2188,14.0,0.305,0.3193,0.2296
1,1,0.0925,5.7,0.3073,0.2166,14.1,0.3045,0.3158,0.2292
1,2,0.1377,5.4,0.3111,0.2163,14.2,0.3037,0.3158,0.2288
1,3,0.1868,5.4,0.311,0.2154,14.3,0.3026,0.3172,0.229
1,4,0.232,5.3,0.3109,0.212,14.4,0.3021,0.3216,0.2291
1,5,0.2801,5.3,0.3114,0.2102,14.8,0.3008,0.3339,0.2293
1,6,0.3251,5.2,0.312,0.2079,15.0,0.2999,0.3423,0.2294
1,7,0.37,5.2,0.3147,0.208,15.2,0.3002,0.3483,0.229
1,8,0.4167,5.2,0.3173,0.2083,15.2,0.3004,0.3516,0.2288
1,9,0.4636,5.3,0.3236,0.208,15.5,0.3004,0.3603,0.2288
1,10,0.5095,5.7,0.3367,0.2069,15.5,0.3013,0.3678,0.2287
1,11,0.5587,6.5,0.3677,0.1399,15.6,0.3021,0.373,0.2295
1,12,0.6029,7.3,0.3677,-0.0496,15.7,0.3112,0.3828,0.229
1,13,0.6501,13.9,0.0885,-0.354,17.1,0.4828,0.4156,0.219
1,14,0.6956,18.3,0.0567,-0.3554,17.2,0.5355,0.4195,0.2157
1,15,0.7403,10.9,0.2111,-0.2546,17.7,0.6238,0.354,0.2163
1,16,0.788,4.3,0.4004,0.0311,16.6,0.6488,0.2826,0.2164
1,17,0.8329,0.3,0.4728,0.3199,11.4,0.6558,0.1785,0.2102
1,18,0.8801,1.4,0.4957,0.3792,10.4,0.6582,0.172,0.2075
1,19,0.9268,2.3,0.4899,0.3967,4.0,0.4355,0.0926,0.2031
1,20,0.972,5.3,0.4739,0.4479,20.8,0.35,-0.1658,0.1981
1,21,1.0186,4.2,0.3232,0.4446,12.2,0.3441,0.392,0.2122
1,22,1.0657,3.2,0.2692,0.3827,19.3,0.3405,0.537,0.2197
1,23,1.1119,3.0,0.2642,0.3212,20.8,0.3222,0.5725,0.2223
1,24,1.1599,2.9,0.2625,0.2924,21.3,0.2874,0.5689,0.2253
1,25,1.206,2.8,0.2639,0.2844,21.2,0.2639,0.5632,0.2261
1,26,1.2525,2.5,0.266,0.2853,21.2,0.25,0.5488,0.2269
1,27,1.2988,2.1,0.2676,0.2874,21.3,0.2444,0.5434,0.2272
1,28,1.3445,0.7,0.2679,0.2996,21.4,0.2462,0.5326,0.228
1,29,1.3901,3.9,0.2716,0.2576,20.9,0.2451,0.4914,0.2294
1,30,1.4366,5.5,0.274,0.2531,20.7,0.2514,0.4728,0.2297
1,31,1.4842,6.0,0.2763,0.2477,20.3,0.2564,0.4642,0.2292
1,32,1.5295,6.7,0.276,0.2471,19.3,0.2566,0.4458,0.2294
1,33,1.5779,6.8,0.2761,0.2461,18.6,0.2572,0.4351,0.2295
1,34,1.624,7.5,0.2753,0.2328,17.0,0.2584,0.4072,0.2298
2,0,0.0457,12.3,0.2798,0.4002,17.7,0.2407,0.455,0.231
2,1,0.0915,12.4,0.2758,0.4085,17.9,0.2428,0.459,0.231
2,2,0.1381,12.1,0.2763,0.4039,18.2,0.2445,0.4648,0.2311
2,3,0.1812,10.7,0.2849,0.3918,18.5,0.237,0.4599,0.2312
2,4,0.2289,9.4,0.2894,0.3553,18.6,0.2349,0.4575,0.2312
2,5,0.2747,8.2,0.2971,0.337,18.3,0.2339,0.4447,0.2302
2,6,0.3216,7.7,0.3009,0.319,18.1,0.2334,0.4386,0.2301
2,7,0.3682,7.5,0.3035,0.3094,17.9,0.2326,0.4308,0.2302
2,8,0.414,7.5,0.303,0.3068,17.7,0.2323,0.4246,0.2303
2,9,0.4591,7.6,0.3094,0.3142,17.5,0.2326,0.4247,0.2303
2,10,0.506,7.6,0.3331,0.2967,17.4,0.2324,0.4238,0.2303
2,11,0.5528,7.0,0.2294,-0.2598,17.1,0.3317,0.443,0.223
2,12,0.5982,15.7,0.0654,-0.4026,13.3,0.5252,0.3663,0.2123
2,13,0.6447,10.7,0.2486,-0.1923,7.2,0.6541,0.1595,0.2093
2,14,0.6912,0.9,0.4305,-0.0685,3.6,0.6712,0.0818,0.2086
2,15,0.7365,0.5,0.4744,0.0163,3.4,0.669,0.0891,0.2086
2,16,0.7828,2.1,0.5048,0.2336,15.6,0.6717,-0.2441,0.206
2,17,0.8288,1.2,0.4943,0.3808,49.7,0.4032,-0.219,0.2024
2,18,0.8763,1.6,0.4845,0.4645,42.5,0.2398,-0.225,0.1977
2,19,0.9233,6.2,0.367,0.6038,9.6,0.3121,0.1227,0.2038
2,20,0.9701,5.1,0.3241,0.5138,22.2,0.336,0.5287,0.2096
2,21,1.0165,4.3,0.3027,0.4859,24.0,0.3455,0.5597,0.2126
2,22,1.0631,4.3,0.2988,0.4354,25.0,0.3142,0.6108,0.2153
2,23,1.1079,4.8,0.2978,0.4102,24.7,0.2738,0.6473,0.2175
2,24,1.1542,4.1,0.2972,0.3893,24.3,0.2545,0.6447,0.2206
2,25,1.2015,2.8,0.2957,0.372,24.0,0.2444,0.6444,0.223
2,26,1.2482,2.0,0.2942,0.3655,24.0,0.2379,0.6429,0.2245
2,27,1.2937,6.4,0.2956,0.3708,18.6,0.2469,0.5533,0.225
2,28,1.3404,8.5,0.2966,0.3651,16.4,0.2522,0.5179,0.2261
2,29,1.3876,10.4,0.2969,0.3848,15.7,0.2607,0.5113,0.2263
2,30,1.434,11.7,0.3024,0.3935,15.8,0.2645,0.5001,0.2252
2,31,1.48,12.6,0.3051,0.3993,15.5,0.2654,0.492,0.2237
2,32,1.5261,12.5,0.3024,0.4089,15.3,0.265,0.4845,0.2233
2,33,1.5728,13.5,0.31,0.4407,15.9,0.2648,0.4898,0.22
2,34,1.6181,14.6,0.3034,0.4843,17.7,0.2708,0.5114,0.2172
3,0,0.0457,3.1,0.3451,0.2205,19.6,0.2611,0.3925,0.2302
3,1,0.0928,3.1,0.343,0.2316,18.6,0.2618,0.3908,0.2337
3,2,0.1397,3.9,0.3326,0.2374,18.1,0.262,0.3951,0.2366
3,3,0.1869,4.4,0.3296,0.2435,17.8,0.2592,0.3994,0.2381
3,4,0.2323,4.3,0.3363,0.2505,17.9,0.254,0.4083,0.2382
3,5,0.2784,4.4,0.3399,0.2577,17.7,0.2483,0.4105,0.2387
3,6,0.3254,4.7,0.3408,0.2561,17.6,0.2439,0.4089,0.2393
3,7,0.3704,5.1,0.3393,0.2618,17.8,0.2481,0.4134,0.2391
3,8,0.4175,5.4,0.3377,0.2653,17.8,0.2476,0.4168,0.2395
3,9,0.4628,6.1,0.3412,0.2434,18.1,0.2406,0.4128,0.2414
3,10,0.5089,8.5,0.3678,0.1726,18.2,0.2478,0.4143,0.2413
3,11,0.5553,9.2,0.3797,-0.0031,18.2,0.256,0.4071,0.2391
3,12,0.5999,9.3,0.2064,-0.2343,17.1,0.2878,0.3934,0.2317
3,13,0.6475,10.4,0.1735,-0.2712,16.5,0.3054,0.387,0.2277
3,14,0.6929,10.1,0.0852,-0.4137,16.2,0.3391,0.3882,0.2218
3,15,0.7396,15.9,0.0571,-0.4268,15.5,0.3713,0.3939,0.2196
3,16,0.7868,2.5,0.3981,0.1144,13.9,0.447,0.2246,0.2078
3,17,0.8319,2.7,0.5038,0.251,8.0,0.5024,0.0847,0.2007
3,18,0.8787,3.1,0.5098,0.3094,2.8,0.4134,0.0285,0.1991
3,19,0.9238,5.8,0.4303,0.3998,1.6,0.3934,0.1228,0.2087
3,20,0.9694,7.0,0.4046,0.4064,3.1,0.3847,0.1573,0.2126
3,21,1.017,8.2,0.3744,0.4247,3.9,0.378,0.168,0.2172
3,22,1.0603,8.8,0.3473,0.4447,7.4,0.3608,0.2785,0.222
3,23,1.1069,9.5,0.3231,0.4752,11.6,0.3297,0.3878,0.2263
3,24,1.1539,10.3,0.2964,0.4642,16.7,0.2867,0.4648,0.2284
3,25,1.2007,11.0,0.2744,0.4645,18.6,0.2663,0.4666,0.2307
3,26,1.2465,11.1,0.2659,0.4433,18.4,0.2606,0.4639,0.2317
3,27,1.2934,11.1,0.2612,0.4312,18.3,0.2599,0.4672,0.2321
3,28,1.3394,11.1,0.2583,0.4239,18.8,0.2619,0.4828,0.2321
3,29,1.386,11.0,0.2588,0.4103,19.1,0.27,0.4836,0.2314
3,30,1.4328,10.7,0.2609,0.3887,19.5,0.2751,0.4786,0.2306
3,31,1.4775,10.4,0.2618,0.3741,19.5,0.2784,0.4753,0.2303
3,32,1.5238,8.0,0.2755,0.2729,19.3,0.278,0.4699,0.2284
3,33,1.5699,7.3,0.2845,0.2383,19.2,0.2787,0.4671,0.2272
3,34,1.6177,7.1,0.2918,0.2282,19.5,0.2825,0.4668,0.2269
4,0,0.0458,9.6,0.301,0.2278,15.7,0.2487,0.3613,0.2272
4,1,0.0924,9.6,0.3039,0.2355,15.6,0.247,0.3544,0.2272
4,2,0.1376,9.5,0.3066,0.2387,15.4,0.2458,0.3418,0.2286
4,3,0.183,10.3,0.3044,0.2329,15.0,0.244,0.3336,0.2304
4,4,0.2293,10.7,0.3055,0.2325,14.7,0.2431,0.3258,0.2328
4,5,0.2765,11.1,0.3092,0.2301,14.3,0.2437,0.3161,0.2345
4,6,0.3241,11.3,0.313,0.2363,13.8,0.2402,0.3133,0.235
4,7,0.3699,12.5,0.3072,0.2344,12.9,0.2406,0.3163,0.2361
4,8,0.4154,12.9,0.305,0.2254,12.4,0.2415,0.3186,0.2366
4,9,0.4629,12.7,0.3034,0.1657,12.4,0.249,0.3219,0.2374
4,10,0.5078,13.5,0.2983,0.0966,12.8,0.2737,0.3454,0.2372
4,11,0.5529,11.4,0.2822,-0.0966,14.3,0.3043,0.3888,0.2342
4,12,0.6003,13.4,0.1467,-0.2042,16.0,0.3365,0.4255,0.23
4,13,0.6466,13.9,0.1232,-0.2205,16.7,0.3516,0.4401,0.2281
4,14,0.6926,19.2,0.0352,-0.2766,17.7,0.3701,0.4456,0.2258
4,15,0.738,16.6,0.0433,-0.2175,10.0,0.5588,0.3287,0.2246
4,16,0.7848,12.0,0.1381,-0.1165,4.9,0.7027,0.1106,0.218
4,17,0.8306,4.5,0.2653,0.184,30.1,0.731,-0.3738,0.2144
4,18,0.8776,0.3,0.3271,0.4798,51.8,0.7218,-0.7388,0.2096
4,19,0.9227,0.0,0.3206,0.5766,54.0,0.6991,-0.8247,0.2065
4,20,0.97,0.4,0.3142,0.5764,53.4,0.6884,-0.8391,0.2056
4,21,1.016,0.6,0.3135,0.6556,45.3,0.6769,-0.6948,0.2023
4,22,1.0623,2.5,0.2654,0.9661,33.0,0.5359,-0.515,0.2031
4,23,1.1097,1.5,0.2511,0.9564,27.2,0.2953,-0.0357,0.2092
4,24,1.1568,2.7,0.2409,0.7241,27.8,0.2118,0.145,0.218
4,25,1.2033,3.2,0.2392,0.6261,26.1,0.1995,0.2387,0.2224
4,26,1.2481,3.1,0.2323,0.5733,25.8,0.19,0.2334,0.2257
4,27,1.2947,2.1,0.2266,0.5566,25.5,0.1994,0.2918,0.2281
4,28,1.3381,0.7,0.241,0.5121,25.9,0.2117,0.3471,0.2302
4,29,1.3849,0.1,0.2582,0.4138,26.9,0.226,0.3964,0.2322
4,30,1.4323,0.0,0.2709,0.3071,26.9,0.263,0.4814,0.233
4,31,1.4776,1.2,0.2763,0.2337,24.8,0.2781,0.4951,0.2333
4,32,1.5248,3.2,0.262,0.2053,22.9,0.2775,0.4709,0.2358
4,33,1.572,4.7,0.2488,0.1877,21.9,0.2855,0.456,0.236
4,34,1.6168,5.5,0.2419,0.186,21.4,0.2906,0.4501,0.2359
5,0,0.0471,7.9,0.2821,0.264,17.8,0.232,0.4047,0.229
5,1,0.0925,7.6,0.2842,0.272,17.7,0.2336,0.3991,0.229
5,2,0.1387,7.5,0.286,0.2861,17.6,0.2358,0.3977,0.229
5,3,0.1852,7.3,0.2876,0.2877,17.5,0.2381,0.395,0.229
5,4,0.2316,7.1,0.2894,0.288,17.6,0.2404,0.3976,0.2288
5,5,0.2785,7.2,0.2903,0.2842,17.6,0.2421,0.4011,0.2289
5,6,0.3232,7.3,0.2907,0.2847,17.7,0.2436,0.4025,0.2291
5,7,0.3695,7.4,0.2909,0.2858,17.7,0.2453,0.404,0.2295
5,8,0.4177,7.4,0.291,0.2866,17.8,0.2464,0.405,0.2298
5,9,0.4628,7.5,0.2938,0.2892,17.8,0.2476,0.4068,0.2302
5,10,0.5099,7.9,0.3212,0.3184,17.5,0.2501,0.4092,0.2304
5,11,0.556,5.1,0.3908,0.3695,15.6,0.2534,0.4071,0.2316
5,12,0.6019,34.8,0.7274,-0.0624,14.9,0.2641,0.403,0.2334
5,13,0.6503,44.7,0.7361,-0.5267,15.7,0.2726,0.4344,0.2328
5,14,0.697,41.5,0.7388,-0.5518,15.9,0.2778,0.4411,0.2323
5,15,0.744,28.7,0.7203,-0.5193,15.1,0.3128,0.472,0.2276
5,16,0.7895,27.1,0.6987,-0.5137,14.9,0.3361,0.4915,0.2247
5,17,0.8374,14.2,0.6757,-0.3569,10.6,0.4485,0.4448,0.2219
5,18,0.8826,4.4,0.7109,-0.165,7.0,0.5703,0.2522,0.2172
5,19,0.929,9.3,0.6579,0.1051,0.5,0.5847,-0.0121,0.2132
5,20,0.976,13.7,0.4426,0.4627,19.9,0.3539,-0.6956,0.2012
5,21,1.0238,13.0,0.3518,0.5123,5.9,0.3236,-0.4975,0.2039
5,22,1.071,11.9,0.3307,0.5124,3.9,0.3174,-0.4851,0.2044
5,23,1.1135,10.2,0.3078,0.5026,3.7,0.3368,-0.26,0.2078
5,24,1.1621,8.6,0.3058,0.4714,6.6,0.3354,-0.2011,0.2123
5,25,1.2078,7.1,0.303,0.3886,10.0,0.3305,-0.0156,0.2162
5,26,1.2543,5.9,0.2884,0.3384,13.5,0.3305,0.2367,0.2205
5,27,1.3009,5.3,0.2689,0.3045,17.7,0.2958,0.4614,0.2249
5,28,1.3481,4.7,0.27,0.2905,18.2,0.2844,0.4849,0.2257
5,29,1.3947,4.9,0.2628,0.2793,17.2,0.2792,0.4491,0.2271
5,30,1.4403,5.1,0.262,0.2721,16.7,0.2777,0.4337,0.2277
5,31,1.4873,4.9,0.2638,0.2527,15.9,0.2742,0.4107,0.2279
5,32,1.5342,4.9,0.2653,0.2418,15.1,0.2714,0.3901,0.2279
5,33,1.5795,5.2,0.2672,0.2341,14.9,0.2707,0.3837,0.2283
5,34,1.6257,5.4,0.268,0.2295,14.8,0.2709,0.3772,0.2286
6,0,0.0464,7.6,0.3346,0.3103,17.7,0.1972,0.4067,0.235
6,1,0.0926,7.1,0.3271,0.2954,17.7,0.2047,0.4107,0.2347
6,2,0.1391,6.9,0.3285,0.2947,18.0,0.2172,0.4185,0.2321
6,3,0.1853,5.5,0.3182,0.2938,19.2,0.1896,0.4226,0.2321
6,4,0.2318,4.9,0.3141,0.2892,19.1,0.1826,0.4288,0.2304
6,5,0.2763,4.8,0.3207,0.2815,19.3,0.1742,0.4255,0.2305
6,6,0.3231,5.2,0.3217,0.2769,19.1,0.1794,0.4195,0.2292
6,7,0.3684,5.5,0.3315,0.2819,18.9,0.1844,0.4065,0.2286
6,8,0.4159,5.6,0.3398,0.2904,18.9,0.1911,0.4167,0.2279
6,9,0.4632,5.0,0.355,0.2946,19.0,0.1958,0.4242,0.2258
6,10,0.5084,4.7,0.3608,0.2874,19.0,0.1961,0.4258,0.2253
6,11,0.5567,2.6,0.4276,0.0932,18.9,0.2068,0.4224,0.2238
6,12,0.6026,4.5,0.448,-0.2621,17.9,0.2608,0.4386,0.2151
6,13,0.6465,21.5,0.3466,-0.6675,17.4,0.3291,0.4987,0.1998
6,14,0.6926,51.9,0.1962,-0.938,21.1,0.3283,0.5912,0.1948
6,15,0.7389,58.6,0.1598,-0.9977,22.3,0.3281,0.6243,0.1926
6,16,0.7865,67.7,0.1611,-0.9913,27.9,0.3217,0.7536,0.1914
6,17,0.8324,29.1,0.1606,-0.9525,48.6,0.3011,1.0542,0.1964
6,18,0.8795,21.3,0.43,-0.6435,36.3,0.2529,0.9786,0.2065
6,19,0.9258,13.5,0.5128,-0.4984,1.8,0.285,-0.0033,0.203
6,20,0.9724,9.5,0.5369,-0.2681,14.4,0.3599,-0.661,0.1953
6,21,1.0182,8.1,0.5168,-0.1003,32.4,0.3233,-1.0252,0.201
6,22,1.0646,7.9,0.5133,-0.0911,35.9,0.3011,-1.0763,0.2041
6,23,1.1126,6.6,0.49,-0.0392,68.6,0.301,-1.1082,0.2068
6,24,1.1579,5.7,0.4838,-0.0213,78.6,0.3267,-1.0443,0.2051
6,25,1.2044,4.6,0.476,-0.0223,52.1,0.3778,-0.8948,0.2024
6,26,1.2526,0.7,0.4767,0.0758,21.9,0.4547,-0.7124,0.1982
6,27,1.2981,0.2,0.4595,0.0621,7.2,0.4401,-0.5076,0.2009
6,28,1.3448,0.6,0.4449,0.012,2.0,0.4041,-0.3892,0.2063
6,29,1.3924,1.2,0.4388,-0.0089,0.8,0.3868,-0.3447,0.2094
6,30,1.4384,2.3,0.4214,-0.0263,2.1,0.3739,-0.268,0.2113
6,31,1.486,3.1,0.4136,-0.0252,2.9,0.3654,-0.2488,0.212
6,32,1.5316,4.0,0.4051,-0.0271,5.2,0.3487,-0.1591,0.2147
6,33,1.5813,7.7,0.336,-0.0182,10.2,0.2799,-0.0529,0.2303
6,34,1.6266,8.3,0.3109,-0.0255,12.4,0.2626,-0.003,0.235
7,0,0.0465,10.8,0.2254,0.1479,11.4,0.238,0.2651,0.2466
7,1,0.0934,10.6,0.2262,0.1547,11.4,0.2378,0.2725,0.2471
7,2,0.1374,10.5,0.2275,0.1612,11.4,0.2379,0.2805,0.2472
7,3,0.1847,10.5,0.2269,0.164,11.4,0.2388,0.2865,0.2474
7,4,0.2314,10.5,0.2261,0.165,11.4,0.2397,0.2898,0.2475
7,5,0.2762,10.2,0.2266,0.165,11.4,0.2396,0.292,0.2475
7,6,0.3234,10.0,0.2277,0.1664,11.4,0.2395,0.2927,0.2474
7,7,0.3707,9.9,0.2279,0.168,11.5,0.2393,0.2936,0.2474
7,8,0.4169,9.7,0.2336,0.1642,11.5,0.2427,0.2944,0.2468
7,9,0.4623,9.7,0.2551,0.1478,11.6,0.2473,0.2919,0.2464
7,10,0.5083,9.6,0.2663,0.1396,11.7,0.2501,0.2898,0.2462
7,11,0.5564,8.9,0.29,0.1049,11.8,0.2608,0.2923,0.2444
7,12,0.603,7.4,0.3675,-0.2509,12.1,0.2961,0.336,0.2293
7,13,0.6497,21.2,0.2575,-0.6002,14.3,0.3256,0.4559,0.219
7,14,0.6942,29.9,0.2735,-0.714,18.1,0.3327,0.5663,0.2163
7,15,0.743,17.3,0.4443,-0.4316,26.5,0.3009,0.6491,0.2155
7,16,0.788,11.7,0.5202,-0.2861,5.0,0.2304,-0.1023,0.1966
7,17,0.8354,5.0,0.5146,0.0163,10.5,0.2603,-0.8034,0.194
7,18,0.8802,3.5,0.5105,0.1109,9.3,0.2652,-0.8056,0.1924
7,19,0.9265,3.8,0.5338,0.1861,20.3,0.2181,-1.3341,0.1905
7,20,0.9738,3.7,0.5303,0.2205,33.9,0.1707,-1.4203,0.1915
7,21,1.0201,3.8,0.5251,0.2146,34.8,0.1559,-1.4182,0.1928
7,22,1.0672,5.2,0.5063,0.2262,2.7,0.1133,-1.1972,0.1945
7,23,1.1141,5.7,0.4756,0.1668,23.8,0.0372,-0.6205,0.2057
7,24,1.1606,5.8,0.4629,0.1498,26.7,0.0033,-0.5002,0.2103
7,25,1.206,6.7,0.4512,0.0813,27.7,0.0213,-0.3561,0.2179
7,26,1.251,6.9,0.4506,0.0575,26.3,0.0267,-0.2891,0.2215
7,27,1.2966,7.9,0.4619,0.0338,25.5,0.0349,-0.2363,0.2231
7,28,1.3424,7.3,0.4582,0.0361,24.1,0.022,-0.149,0.2257
7,29,1.3903,7.2,0.4597,0.0332,23.6,0.0406,-0.1487,0.2268
7,30,1.4359,6.9,0.4657,0.0196,22.5,0.0733,-0.1071,0.2262
7,31,1.4813,5.7,0.4432,0.0093,20.1,0.1488,-0.0529,0.2268
7,32,1.5271,4.7,0.4296,0.0197,18.1,0.1807,-0.04,0.2259
7,33,1.5734,3.6,0.4022,0.0252,17.0,0.1991,-0.0144,0.2259
7,34,1.6207,2.2,0.3755,0.0335,16.1,0.2071,-0.0033,0.2258
